id_CWEB,RA,Dec,mean_grades,median_grades,std_grades,tile_C3D_grizli,segment_id,z,f_Hb,e_Hb,f_O34960,e_O34960,f_O35008,e_O35008,mag_model_f444w,mag_err_model_f444w
451,149.840551356405,2.11494208735271,2.0,2.0,0.0,1.1,2498.0,7.158872416953170,5.08606452129012E-20,2.63039334519313E-19,3.10305581928214E-18,7.42870681734813E-19,6.93289615507556E-18,8.89471970569811E-19,26.0586353934921,0.059901913164679
2736,149.809834793174,2.14137659146266,2.25,2.0,0.433012701892219,1.2,5039.0,7.128831413016840,1.83170083910091E-19,5.11637081538003E-19,3.28786672226768E-18,7.8757975941166E-19,8.16247192016145E-18,9.37834326554494E-19,25.8165844565047,0.0435997284425894
3599,149.84732917328,2.13305560828932,2.0,2.0,0.0,1.2,5992.0,6.929359544977910,-99.0,-99.0,3.61070411543696E-18,8.97523391667963E-19,6.51202597400594E-18,9.55172819380085E-19,26.7428837963411,0.0888041894744884
5016,149.818947509257,2.15163962272071,1.5,1.5,0.5,1.2,7565.0,7.160432953179260,8.30670844513703E-19,1.07309864099719E-18,2.17250081937482E-18,1.26676272304308E-18,8.00438759032667E-18,1.52038191063046E-18,26.2333198899,0.133277766316501
6399,149.854523617935,2.14809183043586,2.75,3.0,0.433012701892219,1.2,9083.0,6.991666445178460,3.702116050013E-18,1.52077024977329E-18,9.01083833304884E-18,5.91329660498874E-19,2.28166415097471E-17,7.92231983911918E-19,24.723851353556,0.0718853421733072
6555,149.854506908127,2.14943267609877,2.6,3.0,0.489897948556636,1.2,9259.0,7.722188819369940,2.82094257855307E-18,7.36680409617382E-19,6.05183738363771E-18,7.77483991109991E-19,1.42714887551256E-17,9.32653782238837E-19,24.9327723166841,0.124344423067116
12922,149.8113284464,2.21108493399042,1.75,2.0,0.433012701892219,1.2,16472.0,6.863477181882000,-99.0,-99.0,2.15174129845062E-18,9.47426642641362E-19,8.21245979532616E-18,8.07580700367114E-19,25.8773215319754,0.0721591488142026
13219,149.815066270914,2.21213605148142,3.0,3.0,0.0,1.2,16801.0,6.864390942487100,-99.0,-99.0,1.59973175113695E-17,1.04707319660076E-18,4.28804351463035E-17,9.13763256038932E-19,24.610149906767,0.0665371614495821
13411,149.868057115315,2.1944396180037,1.75,2.0,0.433012701892219,1.2,17016.0,7.67740574396781,8.21820288934912E-19,5.97321344171074E-19,2.11765796325513E-18,7.96413471257066E-19,6.45431159322244E-18,9.3900671305026E-19,26.9689755703272,0.0986687884069261
15571,149.835675710535,2.22352273306326,1.25,1.5,0.82915619758885,1.2,19433.0,8.2938969730808,1.29732904350032E-18,8.31272449118508E-19,2.68554936902991E-18,9.08463268670248E-19,9.9950466408717E-18,1.13567925439072E-18,25.7503003221553,0.0525931784489653
17260,149.898409155945,2.21247248300217,2.25,2.0,0.433012701892219,1.2,21324.0,7.025363593763800,7.30490125545636E-19,7.36235713348253E-19,2.78054949120638E-18,6.58909572552117E-19,7.70807766292259E-18,8.70091614806226E-19,26.3627827509442,0.035439713883287
17633,149.830454217875,2.23958367037755,1.75,2.5,1.6393596310755,1.2,21749.0,7.269291008698220,6.97195396314779E-19,6.24766147657434E-19,4.84951185360035E-18,8.84367898854784E-19,1.25168323483263E-17,1.10004411616889E-18,25.5134196192512,0.0534805833169618
20081,149.824280421333,2.25879601446722,2.5,2.5,0.5,1.3,24528.0,7.26276995017102,1.90976806709735E-18,8.04061061265458E-19,4.16349520487962E-18,8.93763885037624E-19,9.55061801606107E-18,9.58137299066805E-19,25.8431445768396,0.0360025539436342
21596,149.840668642893,2.26306033893712,2.25,2.0,0.433012701892219,1.3,26265.0,7.261906432972090,3.29875835926836E-18,9.65005931463463E-19,2.71904911303925E-18,9.30983966699677E-19,9.1003714302306E-18,1.08595710099979E-18,25.7921613486962,0.0614291447132393
21606,149.840778944487,2.26311424744402,2.5,2.5,0.5,1.3,26278.0,7.260246289823360,1.13545061478653E-18,6.01622751225028E-19,2.52667052771208E-18,8.72513574687928E-19,4.71029259606184E-18,1.00604560654016E-18,26.4681666783835,0.0834247136081558
22071,149.875116983733,2.25411242897182,1.5,1.5,0.5,1.3,26803.0,7.704753304233960,2.16787453204993E-18,1.44295606614112E-18,3.32747493340532E-18,1.25384760014213E-18,6.73566828959575E-18,1.90600144275428E-18,25.5873394548224,0.0704507097252338
22542,149.877462791531,2.25722271138708,2.0,2.0,0.0,1.3,27338.0,6.8718740560264300,-99.0,-99.0,5.51465996390793E-18,1.381828435625E-18,1.34401743421333E-17,1.28190624629947E-18,25.4561390071532,0.0331974303591309
23171,149.839727909072,2.27550622969714,1.75,2.0,0.433012701892219,1.3,28062.0,7.488130818500340,1.57521957291008E-20,1.78208939216988E-19,5.47278749095221E-19,4.23343688234537E-19,3.78961294232087E-18,6.78348723840367E-19,26.4435143764255,0.0566323237336736
25046,149.834758695986,2.28963692088705,1.5,2.0,1.5,1.3,30191.0,7.488171353530540,5.22258662873271E-18,1.57470440414428E-18,1.12856388013315E-17,1.67641209443383E-18,3.50534073326504E-17,1.9657757194234E-18,24.362815939327,0.0327689715311339
25826,149.913465485668,2.26619298728523,2.25,2.0,0.433012701892219,1.3,31053.0,7.701606097548300,3.57819525681462E-18,1.18387372544864E-18,5.63524518993915E-18,1.04373710684497E-18,1.61697131649734E-17,1.5005082023837E-18,25.1049769076212,0.0253863598339628
27100,149.839779925205,2.30164991764164,2.75,3.0,0.433012701892219,1.3,32483.0,7.487705732026190,4.6329284565841E-18,1.042911556551E-18,9.96838250274364E-18,9.5696827638614E-19,3.57568788189655E-17,1.266908075495E-18,24.2730995613548,0.133988533632214
27377,149.83618503874,2.31700294390285,1.75,2.5,1.6393596310755,1.3,34671.0,7.46313088079375,4.36606501019402E-18,1.50495532645677E-18,7.7075976214962E-18,1.32567066464311E-18,3.06839295727693E-17,1.85514624414978E-18,25.8143475685173,0.152884958282651
35176,149.839667453022,2.24623499559483,3.0,3.0,0.0,1.3,68414.0,7.09623087490505,6.52924495477825E-19,5.13404476208244E-19,6.31370288148754E-18,6.33264418047487E-19,1.8963133727349E-17,7.32247469130405E-19,27.7406764253247,0.179449253528088
38653,149.925766906419,2.08413246782897,2.0,2.0,0.632455532033676,2.1,2539.0,7.058182002406030,1.51348211363479E-18,7.44493741162674E-19,2.47602811764969E-18,6.40976345620127E-19,6.4332519914402E-18,9.17034523632611E-19,26.1529055044031,0.0566669845457652
39278,149.934843032405,2.08555437215367,2.2,2.0,0.4,2.2,3255.0,7.0637173502758500,1.42619553807043E-18,6.91770866992893E-19,3.75483976297108E-18,6.23137985643698E-19,6.9515781101629E-18,6.6457388421382E-19,25.4629029717388,0.100361868996325
39513,149.887144450108,2.10450286100054,2.66666666666667,3.0,0.471404520791032,1.2,3518.0,7.98798912819241,2.26240680070679E-18,7.60289251170468E-19,4.96629348098364E-18,9.79338730647707E-19,1.25175765027302E-17,1.23218738729107E-18,25.564120195967,0.0385860266619398
39812,149.901465793034,2.10151664001348,1.75,2.0,0.433012701892219,2.2,3864.0,6.957893234154890,2.79689378129355E-19,9.18006513848678E-19,1.94904289846803E-18,4.66811636993957E-19,3.25402802350939E-18,4.94915912804744E-19,26.460210444695,0.0445648280499207
40272,149.87104726438,2.11536530346649,2.5,3.0,0.866025403784439,1.2,4370.0,6.98231285713658,3.72048780878834E-19,8.32633319080106E-19,2.42470065664402E-18,6.32270941009058E-19,6.72947208833526E-18,7.67199345952572E-19,25.8243397616947,0.0812678904208645
40466,149.878038814905,2.11407294448944,2.25,2.0,0.433012701892219,1.2,4581.0,7.167370825707760,2.66734279353121E-19,4.74409839918378E-19,3.33655646396269E-18,6.9811296238159E-19,9.29710082928934E-18,8.86641554464806E-19,26.0170584410438,0.0978712885736513
43250,149.945147531777,2.10742158266278,2.2,2.0,0.4,2.2,7727.0,7.093182531346830,2.16978836467359E-18,9.35993350070379E-19,5.59819008143336E-18,8.53032322099723E-19,1.58223464001502E-17,1.14667541632264E-18,25.2573457440158,0.0562818672422589
44184,149.959548344165,2.10860845717418,2.0,2.0,0.0,2.2,8775.0,7.708649283849560,9.34437499438417E-20,2.83139042394691E-19,4.10885895134834E-18,8.20235046083325E-19,6.29513272213819E-18,7.76388496990043E-19,25.9880596248862,0.0714571256694659
44371,149.927758258214,2.12142641296502,2.25,2.0,0.433012701892219,2.2,8986.0,6.903795459541110,-99.0,-99.0,2.81993299480461E-18,7.11167608473284E-19,1.09376158482747E-17,7.44076693480265E-19,25.5715698402352,0.0478962126583643
45166,149.946486612312,2.11992284417326,2.75,3.0,0.433012701892219,2.2,9876.0,7.05650307044891,2.74775448750688E-18,1.10342946704281E-18,5.08207507184919E-18,9.34263316785753E-19,2.01660352591903E-17,1.1901376123085E-18,25.0283067365974,0.0450009664461122
45578,149.90996175799,2.13625053726515,1.5,1.5,0.5,2.2,10344.0,7.249449056101100,6.54147128064276E-19,8.00710474446735E-19,1.08186396135423E-18,9.60604159586401E-19,6.57748413132899E-18,1.82790169295438E-18,26.5543036943436,0.170704306036513
46494,149.898497453951,2.1470603601965,2.75,3.0,0.433012701892219,1.2,11366.0,7.765322959521720,2.07325564095646E-18,6.96160668724562E-19,3.79093200469327E-18,7.79851562407488E-19,1.16091196612804E-17,9.37336050820305E-19,25.4812049856494,0.0345006427411452
47932,149.967496453679,2.13211867519535,2.25,2.0,0.433012701892219,2.2,13017.0,7.062543648384190,2.3067138161275E-18,8.08345512189825E-19,3.7619733961379E-18,7.23021208204447E-19,1.13922754609127E-17,8.60583945587281E-19,25.7365430709267,0.0964729666112597
48561,149.981529195112,2.13100082121964,1.25,1.5,0.82915619758885,2.2,13732.0,7.123984697604280,4.18793346337555E-19,3.28701120037963E-19,5.77568295067513E-20,2.59031536023732E-19,2.74465775525496E-18,4.83600893368146E-19,27.3153528483909,0.0697980236875038
48642,149.927064119156,2.15125806286377,2.0,2.0,0.0,2.2,13825.0,6.89579485013567,-99.0,-99.0,2.9821844437434E-18,8.32400692835731E-19,1.03132092377592E-17,8.96333522255796E-19,25.8650467497674,0.0418441801356453
53427,149.944310820167,2.18046957172626,2.75,3.0,0.433012701892219,2.2,19314.0,6.8848598627859000,-99.0,-99.0,7.43857480788814E-18,1.3420851950396E-18,2.32524409989711E-17,1.33651009316104E-18,25.0093783671379,0.0327155715057089
59165,150.037208501612,2.18289264961032,2.75,3.0,0.433012701892219,2.3,25838.0,7.837263385591240,1.76274016166503E-18,7.46837511931296E-19,5.7818497004353E-18,8.02132818610858E-19,1.15907588882406E-17,9.97152619667666E-19,25.3512444417673,0.0408098232878797
59367,149.981404601165,2.20453594714109,2.2,2.0,0.4,2.3,26058.0,7.6248329340707000,2.16128894868856E-18,7.6382006978855E-19,3.43532505919093E-18,7.2122126986751E-19,1.04378715813237E-17,8.60619188079435E-19,25.4028952983443,0.0756027934702012
59528,149.983254906278,2.20487568570136,1.8,2.0,0.4,2.3,26241.0,7.62770390878679,1.64805538220082E-18,1.0519486074688E-18,4.14968363637045E-18,1.10292845607566E-18,6.59006357017575E-18,1.1883975766475E-18,26.1921058216576,0.0741841567293881
66291,149.968381003242,2.25490454326564,1.66666666666667,2.0,0.471404520791032,2.3,33909.0,6.838512247889290,-99.0,-99.0,3.8810294684445E-18,1.28500517137928E-18,6.6656589431919E-18,9.44624300461292E-19,26.1826815652299,0.173739639282423
79318,150.071349809833,2.03623930966566,1.75,2.0,0.433012701892219,3.1,3481.0,7.518162199541680,3.97945404941589E-19,3.05447185103258E-19,1.25619158915801E-18,4.26894145888302E-19,3.37119243756997E-18,7.57146041925702E-19,26.8360152776987,0.062327626762954
79665,150.096395368395,2.02929037044709,1.5,1.5,0.5,3.2,3880.0,7.847669634364370,7.40604105058849E-19,9.9018376803842E-19,2.70774838983438E-18,1.26166066165099E-18,5.70998155909405E-18,1.71619881328808E-18,25.1815341611222,0.0765350426726687
80666,150.054316512011,2.05192362845478,1.75,2.0,0.433012701892219,3.2,4999.0,6.962159160630370,-99.0,-99.0,1.88568075080961E-18,9.20251515673632E-19,5.55699414292094E-18,1.15502815952933E-18,26.6693289797104,0.0832706759958535
83859,150.014577880761,2.0886258736225,1.5,1.5,0.5,2.2,8617.0,7.102434211030630,1.61997302191153E-18,6.75143920314078E-19,1.90670418189203E-18,5.33817214957366E-19,7.73882379000879E-18,6.45109449977646E-19,24.4896112908963,0.0205877532886825
84107,150.123182095778,2.05113495137484,2.0,2.0,0.0,3.2,8893.0,7.091501737930160,6.44423431253468E-19,4.97700765414779E-19,2.95847369878477E-18,7.44261936373772E-19,7.04634199266911E-18,7.7397101501481E-19,24.7336537498084,0.0759864724918149
88361,150.095332029567,2.09198682005681,1.5,1.5,0.5,3.2,13751.0,7.186290582951730,1.78299865641385E-18,9.14132767006335E-19,2.34566669859034E-18,8.66623828467528E-19,7.64811659283394E-18,9.81844341374526E-19,26.0841327393294,0.0270035991801863
90010,150.113631436443,2.09799976083362,1.75,2.0,0.433012701892219,3.2,15673.0,7.247030095533220,3.95127798611918E-20,4.80768142270905E-19,3.02658718050271E-18,9.84527176071417E-19,8.79370695305885E-18,1.05443019774408E-18,24.5245147994428,0.0197824950821974
91030,150.125997921221,2.10156067342277,3.0,3.0,0.0,3.2,16851.0,7.070667155836350,1.8673499543005E-18,1.00501924446212E-18,4.92356927467223E-18,7.07955815492178E-19,1.33500217050886E-17,6.41654447468645E-19,25.6560454376066,0.0921436578927176
91188,150.128264404823,2.10190094749768,1.75,2.0,0.433012701892219,3.2,17031.0,7.073424828158280,3.48762203075353E-18,1.04831965570183E-18,4.15576596881912E-18,7.81850429290599E-19,1.55327783146524E-17,9.38923187216947E-19,25.3239781521296,0.066146031276054
94024,150.1255271736,2.12270972307829,1.5,1.5,0.5,3.2,20259.0,6.853264275118060,-99.0,-99.0,7.4555324713508E-18,1.61697162210191E-18,1.41501667215011E-17,1.27773382877364E-18,25.3509682539352,0.076394490270936
96199,150.154760537235,2.12554763562168,1.8,2.0,0.4,3.2,22809.0,7.669593763369470,7.70287810570032E-19,4.98429914752463E-19,1.8700217361973E-18,6.65545957044164E-19,4.05459026834204E-18,7.211765637251E-19,26.6435375999443,0.0612302227955848
97698,150.061630151225,2.16774074547871,2.25,2.0,0.433012701892219,2.3,24470.0,7.019901260036730,2.24174546342962E-18,8.82665492438064E-19,5.84594092493162E-18,7.25839123484312E-19,1.20963263809098E-17,7.27675569435052E-19,25.7334387661965,0.0706378767046249
97749,150.071542843524,2.1644882439477,2.0,2.0,0.0,3.3,24526.0,7.9615369031121900,2.81850907139151E-18,9.675816230787E-19,3.60906822005385E-18,9.63562054871353E-19,7.31121305689601E-18,1.10927261371673E-18,25.6456728158898,0.0497064043706754
98033,150.128169477256,2.1459820761119,2.0,2.0,0.0,3.3,24860.0,7.9612071470891500,1.35107165125628E-18,7.20809560199952E-19,2.46007094870795E-18,7.88689585830292E-19,5.74061487518454E-18,8.87608489201589E-19,26.1108958379368,0.0629663747446043
99013,150.146268682792,2.14603867489199,1.8,2.0,0.4,3.3,26014.0,7.020970505066470,6.60406950143058E-22,5.85262540700826E-19,3.19634270752205E-18,1.02442557778129E-18,1.12253906066222E-17,1.03916002876235E-18,25.7141568367051,0.0585110765153859
102737,150.143034629184,2.17182688697778,1.8,2.0,0.4,3.3,30189.0,7.788494718584390,2.38983938897014E-18,8.01517104855043E-19,3.10713610586972E-18,7.18079437538799E-19,6.58778260285713E-18,8.66783760937007E-19,26.286313184144,0.04713049139659
103185,150.13865623002,2.17620818074714,2.4,2.0,0.489897948556636,3.3,30699.0,7.330408164454000,2.18737622722643E-18,9.28663435310591E-19,5.67386042637795E-18,1.0727211619612E-18,1.33213545203964E-17,1.1234162138094E-18,25.4029045786873,0.0414194576752254
111204,150.129768964232,2.09050155748011,1.5,1.5,0.5,3.2,58598.0,7.012640874196040,1.83510839060681E-18,8.81035612817705E-19,2.39012349687195E-18,6.72427229541054E-19,5.72849451610725E-18,7.16976018603829E-19,26.8623631840362,0.080219380764468
119009,150.178890964903,1.99747829801915,2.0,2.0,1.09544511501033,4.1,3356.0,7.869164887456470,7.9182978484279E-19,7.91892090223664E-19,4.08293823168742E-18,1.00168640955641E-18,9.56547195160412E-18,1.17865910289926E-18,26.0155016010563,0.066356897670404
120534,150.258962600801,1.97928892726977,2.0,2.0,0.0,4.2,5067.0,6.993389954471970,1.49187309034631E-18,1.3435602425163E-18,2.66018604072635E-18,8.91585891170893E-19,6.7771925384979E-18,1.11962141533935E-18,26.2481945307992,0.0514036559016789
121086,150.215731581061,1.99897780013684,2.5,2.5,0.5,4.2,5716.0,8.171450200431050,2.72879550375832E-18,8.85972256528484E-19,5.39781870937605E-18,8.65139922655514E-19,1.56904046440483E-17,1.0116586046986E-18,25.5031080174577,0.0242811645955255
124027,150.189257596332,2.02881552314912,1.25,2.0,1.29903810567666,4.2,9033.0,7.341440302568410,7.78139102878413E-19,5.30854471982201E-19,2.74427828539625E-18,7.67426954155957E-19,5.24745218889227E-18,7.94948694427463E-19,26.3666267781195,0.126941542354085
124667,150.234359236297,2.01700923979108,1.8,2.0,0.4,4.2,9748.0,7.2037384021933900,1.42602669818144E-18,5.5879700730707E-19,1.0323922056146E-18,5.25393961604273E-19,3.57435157779187E-18,1.28796289046517E-18,26.1676438340031,0.0369763212580992
126265,150.257204967274,2.02010900380364,2.25,2.0,0.433012701892219,4.2,11575.0,7.199401979194130,3.95004398250077E-18,1.11877592986371E-18,8.65020625959134E-18,1.17474785349198E-18,2.57895960364398E-17,1.32817994505779E-18,24.4648107336952,0.0286402284168781
126302,150.195643559597,2.04282564083342,2.5,2.5,0.5,4.2,11615.0,8.024603562373380,2.35407382973578E-18,9.09875732365955E-19,3.48421188742815E-18,1.00050762214467E-18,7.39013704297744E-18,1.08496774947134E-18,25.3989631396844,0.0813789054348961
126871,150.254658420045,2.02493963211701,1.5,1.5,0.5,4.2,12280.0,7.194865958677910,1.10714599289466E-18,5.48585456186523E-19,1.87402426809269E-18,6.64515030600528E-19,4.08578718862137E-18,6.5878524167717E-19,26.4048457801956,0.0524437483426156
127098,150.178057671352,2.05426400351943,2.5,2.5,0.5,4.2,12540.0,7.012255499442910,3.23967399562831E-18,1.52923372708256E-18,9.528617578765E-18,9.62044896306656E-19,2.04245545091553E-17,1.10856352450674E-18,25.2082069685919,0.0376999723330742
127150,150.231127955469,2.03536678516403,2.0,2.0,0.0,4.2,12603.0,7.074342023599270,8.48689842147964E-20,4.40463021070179E-19,3.48297184422987E-18,6.95024315058373E-19,6.88778674088463E-18,7.20887750563787E-19,26.2920787517968,0.0316587429696043
127390,150.221798605602,2.04022253670654,2.0,2.0,0.0,4.2,12873.0,7.072284524206380,1.80876829630878E-18,7.28103313906573E-19,3.43419199822291E-18,6.70184358984297E-19,6.66684253260417E-18,7.10017282562717E-19,26.1546618553976,0.0359973134323068
128458,150.192101847227,2.05756835339951,1.5,1.5,0.5,4.2,14073.0,7.033401052904200,4.74156903341805E-18,1.46635386516531E-18,4.20452089394925E-18,1.07501274809473E-18,1.25194476606943E-17,1.42962614012206E-18,25.7020939681123,0.0260889314111478
130163,150.259727515,2.04343846551593,1.66666666666667,2.0,0.471404520791032,4.2,15975.0,6.996197870675330,3.4662086992731E-18,1.58193909977819E-18,4.33955498641708E-18,9.77030402928965E-19,1.59291742626807E-17,1.20797832916869E-18,25.4494744992909,0.0350744143163384
130235,150.174685420914,2.07482932787762,2.0,2.0,0.0,3.2,16052.0,7.335836030729870,1.47148934246962E-19,4.36460515622517E-19,3.79961472935298E-18,8.51832980743126E-19,7.8225402848652E-18,9.23741551416918E-19,25.7624484110538,0.156756051857555
130740,150.163099099297,2.08241338716701,2.25,2.5,0.82915619758885,3.2,16621.0,6.943811011749560,-99.0,-99.0,4.41647884752968E-18,8.09844244889916E-19,1.27643134264655E-17,8.30648164663701E-19,25.4701798656173,0.112072668148141
130741,150.163156484361,2.08256865400103,1.5,2.0,1.6583123951777,3.2,16622.0,6.940338658133030,-99.0,-99.0,2.62778364685296E-18,7.95018035777279E-19,1.0330491714927E-17,1.02742871634951E-18,25.5527514895433,0.0545210396977668
130841,150.179640755522,2.07741487107112,2.0,2.0,1.0,3.2,16739.0,7.063105178807970,1.5086201489634E-18,7.88849795524019E-19,3.67606049408649E-18,8.36634781236659E-19,7.13271163664865E-18,8.54811171647423E-19,25.9150736932795,0.0988864710829746
131018,150.281068860839,2.04156729404163,2.25,2.0,0.433012701892219,4.2,16939.0,6.877933969747040,-99.0,-99.0,1.97344199265107E-18,8.94009236429911E-19,6.40750162985085E-18,1.0735188160398E-18,26.457743423752,0.119830257203633
133331,150.201132621126,2.08698000923775,2.25,2.5,0.82915619758885,4.2,19509.0,6.885884462942130,-99.0,-99.0,4.98970809516302E-18,1.04026703530096E-18,1.3705453478205E-17,1.0548816608214E-18,25.3050380713406,0.0247593249707585
135308,150.214572464422,2.09436594780004,2.0,2.0,0.0,4.2,21720.0,8.55642901895893,7.66931728922346E-19,9.3222652532918E-19,4.99100788478462E-18,1.21078161958348E-18,1.44333641687263E-17,1.4651333631237E-18,25.6104677693897,0.0673477535197739
139342,150.235620341023,2.1132487177438,1.75,2.0,0.433012701892219,4.3,26327.0,6.900861664180860,-99.0,-99.0,7.06359295024863E-18,1.78949386486947E-18,9.21055464223601E-18,1.61516782975958E-18,26.5278954911321,0.0724692296573412
142877,150.249315105548,2.13387669808213,1.75,2.0,0.433012701892219,4.3,30312.0,6.911411633202050,-99.0,-99.0,5.40133440101844E-18,1.53956049199497E-18,1.33167539385936E-17,1.46722581488418E-18,25.305694743684,0.0336112641760252
142958,150.249966367672,2.13415220116422,2.0,2.0,0.0,4.3,30409.0,6.907363859508690,-99.0,-99.0,6.13008495667392E-18,1.22561043740411E-18,1.29756333988431E-17,1.33050438673369E-18,25.369898891621,0.0200779858594055
143460,150.192635562678,2.1584994993346,2.5,2.5,0.5,3.3,30997.0,7.68476747569623,8.80256387401943E-19,7.48177490855244E-19,4.80185856950174E-18,8.88290223489211E-19,1.21056876256716E-17,1.17252353624111E-18,25.5483629801344,0.0270495968975329
145203,150.193816596309,2.17020761309242,2.0,2.0,0.632455532033676,3.3,33004.0,7.204144482690580,2.31770816750877E-18,7.15470498547767E-19,2.27656925090769E-18,7.13499410394848E-19,7.70033353672635E-18,8.76858352119304E-19,25.1617791077626,0.0414355000810625
145288,150.280681750235,2.1391636773096,2.25,2.0,0.433012701892219,4.3,33102.0,6.917209247859380,-99.0,-99.0,4.61131722849354E-18,8.95600375335733E-19,1.26122605453038E-17,1.02239637088923E-18,24.5087233872526,0.0331523632993393
146206,150.170280705347,1.99797728760491,3.0,3.0,0.0,4.2,40114.0,7.012548989121080,4.16895922142924E-18,1.19603668662925E-18,2.79007983216128E-18,6.06478782948286E-19,6.52543911045688E-18,8.41774049923729E-19,26.654537849479,0.235048668398848
201798,149.785153726147,2.01629810753444,2.25,2.0,0.433012701892219,1.1,15262.0,7.426019825563550,5.27392708834863E-18,1.28703935416201E-18,3.80344460144314E-18,1.14732543271941E-18,9.87006954115678E-18,1.27841426853844E-18,24.8367564803384,0.0326837060914846
202710,149.775832248824,2.02646127285181,2.0,2.0,0.0,1.1,16318.0,6.925095285145760,-99.0,-99.0,1.20972398211381E-18,4.53457830068409E-19,2.96792249590601E-18,5.71752290343736E-19,26.654473907325,0.073128095911639
202778,149.751077637168,2.03608850257066,3.0,3.0,0.0,1.1,16398.0,7.134884665372240,2.44527272470596E-18,5.55187920821776E-19,4.90139898066937E-18,6.21055823593464E-19,1.33576776885539E-17,7.12324265621594E-19,25.5594495784682,0.0411458713482629
203073,149.763120940192,2.03445167706562,2.0,2.0,0.0,1.1,16737.0,7.133446767322650,1.93780525988737E-18,6.80464382450045E-19,3.45543089827702E-18,7.16351012785714E-19,5.98482054243336E-18,7.97568638535251E-19,24.8643113575014,0.0710350877721999
203695,149.792384707571,2.02890070943465,2.25,2.0,0.433012701892219,1.1,17426.0,7.167072118191840,2.56564874660593E-19,3.97158152263956E-19,2.18858047255819E-18,5.88139740218441E-19,9.1458009568407E-18,7.87364502484033E-19,25.6287893925477,0.0696369762937691
205071,149.766585531937,2.04879809909277,2.75,3.0,0.433012701892219,1.1,18990.0,7.241668888663980,3.38912887871983E-18,8.98485988354933E-19,4.41194342377925E-18,8.52926323405202E-19,1.09324467319517E-17,1.04089793464623E-18,25.4621644209407,0.0341822332094043
209093,149.759118390047,2.08015147942061,2.0,2.0,0.0,1.1,23548.0,8.377913004604870,6.15249805840142E-19,5.58086735566921E-19,2.64070372766854E-18,7.80087042212954E-19,6.23653237238566E-18,8.07539290725173E-19,26.1739139552871,0.0699668560252794
210017,149.805861496248,2.0702936451092,2.25,2.0,0.433012701892219,1.1,24661.0,7.112662287255520,6.55757648090982E-19,5.20975107295124E-19,2.81228219964779E-18,5.98384182997823E-19,8.59582978489277E-18,6.86866755947986E-19,26.2192551990012,0.0490299614057512
210190,149.826625321448,2.06411932880523,2.5,2.5,0.5,1.1,24865.0,7.231496427784720,1.37972929214159E-19,3.49722931658501E-19,2.94220901241672E-18,5.20351229560771E-19,5.15619935848614E-18,6.60458886263399E-19,26.2916643074482,0.0762126714966678
212006,149.775954571248,2.09702949821225,1.75,2.0,0.433012701892219,1.1,26980.0,7.210893782188520,6.78504780976699E-19,7.0731967912236E-19,1.94050722144744E-18,1.00242913891815E-18,7.01507863530243E-18,1.20696762984394E-18,26.6003538431264,0.0858263594695813
214287,149.834516060773,2.09112625720831,1.75,1.5,0.82915619758885,1.1,29536.0,7.178432962536120,1.41673653864606E-19,3.03752109220336E-19,2.3549959950289E-18,4.62080449985551E-19,4.98025767904244E-18,5.32662777776671E-19,26.3483746648699,0.0412398099060265
214607,149.766067900368,2.11812616744925,1.25,2.0,1.29903810567666,1.1,29907.0,7.785966499445570,3.48692651095749E-19,3.73965595788138E-19,2.4698870075009E-18,6.07805601217795E-19,6.10567602903226E-18,7.88612024418911E-19,26.3152257280081,0.159570530267463
215020,149.84556873103,2.09233430204718,1.5,1.5,0.5,1.1,30381.0,6.914156125682100,-99.0,99.0,2.88146936808722E-18,8.22308540698388E-19,1.22283802692143E-17,9.77579857402079E-19,25.6811923185339,0.0270268662084308
245239,149.94188065363,1.97625644269962,2.4,2.0,0.489897948556636,2.1,18277.0,7.02027443022679,1.27106633840712E-18,9.35595804036052E-19,4.5849946765652E-18,7.6338434076571E-19,8.45468230837874E-18,1.04713402487438E-18,26.0265387725029,0.0629381514514852
251185,149.881095176491,2.04066233471749,1.5,1.5,0.5,2.1,25157.0,7.767830177982780,1.31210281972934E-18,5.83554799187525E-19,1.53721520216934E-18,6.85134327248782E-19,6.80141120747878E-18,8.62183140064157E-19,25.1147615032829,0.0815101290224274
251313,149.896019712044,2.03609111873192,2.0,2.0,0.0,2.1,25300.0,7.144139821472740,1.44515903361855E-18,9.25163686603993E-19,2.789202212174E-18,8.9445863161818E-19,9.48958224207136E-18,1.23558784733934E-18,25.8399172658703,0.0608809207214008
251593,149.895231532059,2.03841188132367,2.75,3.0,0.433012701892219,2.1,25617.0,7.122312793896940,1.91330650522053E-18,8.48395122402718E-19,7.73186065660352E-18,8.92582172179255E-19,1.91118985922433E-17,9.81287251354975E-19,24.9945211624121,0.0779119549159916
251839,149.960865969414,2.01625069798923,1.5,1.5,0.5,2.1,25920.0,6.995399623499320,7.95337609537873E-19,9.01836136334647E-19,2.74514424822363E-18,8.36878655729787E-19,8.90928519575381E-18,9.07023254825965E-19,25.9968251556398,0.0429527596575492
254133,149.904193109913,2.05262943788002,1.5,1.5,0.5,2.1,28576.0,6.825544644615210,-99.0,-99.0,4.69879982135237E-18,1.62389423747566E-18,5.03999221846043E-18,1.00088857523357E-18,27.0691964195396,0.0766737613435765
255045,149.917886636935,2.05428519291306,1.75,1.5,0.82915619758885,2.1,29642.0,6.924504981055910,-99.0,-99.0,2.28809149507489E-18,6.69978591701899E-19,1.05176623060953E-17,8.28382071907677E-19,25.8114639994073,0.046006881987016
256046,149.892137182772,2.07005622489457,2.0,2.0,0.0,2.1,30794.0,7.11364378042118,9.31323335798168E-19,6.05621867475843E-19,2.03390611463242E-18,4.50493762191512E-19,2.90820656469356E-18,4.91787686106935E-19,26.9887817237093,0.101351125096299
256551,149.873003491114,2.07989619816726,1.75,2.0,0.433012701892219,1.1,31363.0,7.1046374096269600,5.06008103412537E-20,2.68530758994213E-19,2.23917469766951E-18,7.04069941331532E-19,4.59954902384834E-18,5.86322670157015E-19,25.9480010267564,0.103948885794906
256763,149.909675736888,2.06803409898995,1.75,2.0,0.433012701892219,2.1,31598.0,6.832848170710320,-99.0,-99.0,4.95390375131855E-18,1.78130043924299E-18,8.72784038980883E-18,1.36936993006817E-18,26.4430611612598,0.11481115416322
268174,149.897128478546,2.04382343414943,2.0,2.0,0.0,2.1,72126.0,7.848436173631650,5.38237025653853E-19,4.38487219592867E-19,1.13555887842459E-18,6.36283959641832E-19,5.07376327542922E-18,1.1218852787042E-18,27.3421765415351,0.147626688921585
284659,149.976304237614,1.96198974259933,1.0,2.0,1.4142135623731,2.1,16380.0,7.012140687195170,2.28639923314209E-18,1.07855049707476E-18,3.08778138163836E-18,7.0734014047965E-19,5.15797845390535E-18,8.17892919196728E-19,26.2851849928869,0.0493485495241372
286038,150.079963490554,1.93547118257275,2.2,2.0,0.4,3.1,17934.0,7.835704749391660,6.6486922009781E-19,5.22568453412662E-19,2.72479745058424E-18,6.55942084968059E-19,9.64470837254454E-18,1.01978829552981E-18,25.8741617347793,0.0437715622965903
287776,150.027701266034,1.9668535780061,1.25,2.0,1.29903810567666,3.1,19905.0,7.3164434368573900,1.0178631773699E-18,5.50187260563778E-19,2.91282132287869E-18,6.31779165844836E-19,6.15012958724107E-18,7.52988975504048E-19,27.3860890606558,0.127189437703148
287783,149.991861277251,1.97991385292106,2.25,2.0,0.433012701892219,2.1,19913.0,7.193398880922140,2.38558831145678E-18,4.86864922490203E-19,1.7909033252643E-18,5.22957122782395E-19,6.57987498115759E-18,6.40764936533757E-19,25.9228499208008,0.0821806798461455
287902,149.985805660969,1.98302089175686,1.25,1.5,0.82915619758885,2.1,20051.0,7.018165292443240,2.08713328017316E-18,1.05294276015613E-18,2.45451472676319E-18,7.53322509744663E-19,9.97089987353202E-18,9.89994294505653E-19,25.7991213239164,0.0523824601489113
289270,150.003215372865,1.98732965056187,2.25,2.0,0.433012701892219,3.1,21640.0,7.4916646121917300,4.23812741360067E-21,3.72329963195337E-19,3.50174000298199E-18,9.25964661279126E-19,8.04429713556817E-18,1.14800484693584E-18,25.622361236345,0.0537207002931197
289507,150.093698018045,1.95636380540416,1.0,1.5,1.22474487139159,3.1,21903.0,7.125535170205130,1.97414799300111E-18,8.89359881306567E-19,3.56395948406047E-18,1.07627647564138E-18,5.77554984068832E-18,1.05919180197911E-18,26.6387651363879,0.0938588812625715
289918,150.098119519378,1.95783542731244,2.25,2.0,0.433012701892219,3.1,22379.0,7.124307224917960,2.96639531785319E-19,6.92214100208142E-19,3.27133558742994E-18,9.2645676221374E-19,1.68288952460416E-17,1.02351463996973E-18,25.0681367830185,0.0506052836436613
290184,150.040072055872,1.98122619576397,1.5,1.5,0.5,3.1,22684.0,7.097368356782630,2.15954622554676E-18,7.87140654056765E-19,2.57039041094153E-18,7.58580760839247E-19,6.28897785854274E-18,8.37918523825786E-19,26.4205331191743,0.0444496487652978
293065,150.045758780817,2.00104795825437,3.0,3.0,0.0,3.1,25890.0,6.98285278213051,8.29311539464805E-18,1.67779417870399E-18,8.12716047912631E-18,8.81027146575485E-19,2.33013449210526E-17,9.96612981989513E-19,25.6395296712069,0.325505212854769
293660,150.020941649231,2.01453452452892,1.25,1.5,0.82915619758885,3.1,26570.0,7.152649947599330,6.12047261704787E-19,8.08067089152063E-19,3.99740334570431E-18,1.1313611499168E-18,8.79601178196772E-18,1.3545609298144E-18,25.4532161368256,0.0414104833536531
323350,150.179203344228,1.87933947175836,2.25,2.0,0.433012701892219,4.1,14747.0,7.8646867901048800,4.16514637826961E-20,3.05508446076709E-19,3.52331761484205E-18,7.9065028477056E-19,7.60319918611472E-18,9.76416487585568E-19,26.1203255609764,0.0627966663228528
323766,150.208047239371,1.87213744873411,1.6,2.0,0.489897948556636,4.1,15212.0,7.37032492775535,2.13449847512214E-18,1.2225732079686E-18,5.60583285719523E-18,1.19510569262069E-18,1.69842653136094E-17,1.46682538159667E-18,25.1495243413357,0.183710143446795
324548,150.12625557232,1.90895080974102,2.2,2.0,0.4,4.1,16114.0,7.836665435273390,2.67380743529387E-18,9.42152870626434E-19,7.0312775528302E-18,1.06796677263621E-18,1.48222981979433E-17,1.10270008827188E-18,25.0961459845617,0.189398586398428
325628,150.176807400922,1.89949357470517,2.0,2.0,0.0,4.1,17350.0,7.10253414438327,4.0866178934845E-19,6.152431505615E-19,2.40842764488675E-18,8.46932747374426E-19,8.97002306057697E-18,8.97584158893192E-19,25.583396926936,0.0233721189133895
327029,150.144007851775,1.92150600182578,2.5,2.5,0.5,4.1,18956.0,7.8294981330401500,1.26414219838423E-18,9.34652788707327E-19,4.55833273546435E-18,9.92650491354782E-19,1.9138442868727E-17,1.30299117344291E-18,24.9765316134664,0.0334595011449344
331769,150.132841359146,1.9639218342334,3.0,3.0,0.0,3.1,24419.0,8.199788833312030,1.77435185078743E-18,1.02803985691943E-18,1.19519967549797E-17,1.13268858578368E-18,2.68603601931521E-17,1.41692459816901E-18,24.5266649371313,0.0170305159784232
332816,150.13235437576,1.97239019006622,2.0,2.0,0.0,3.1,25613.0,7.001987334994120,1.05018019204111E-18,9.52424487227751E-19,3.46719663751776E-18,7.84559782006563E-19,5.69691494849934E-18,9.14523445780099E-19,25.3458607306188,0.083873315679639
333054,150.171458311161,1.95978712802583,1.75,1.5,0.82915619758885,4.1,25864.0,8.501091779644020,8.68879500619651E-19,7.28202600448034E-19,1.51252320675816E-18,9.38421086561811E-19,6.93836043103827E-18,1.02427186232572E-18,27.4095788191557,0.116880418327134
333479,150.221230100978,1.94486201137917,2.0,2.0,0.707106781186548,4.1,26327.0,7.365222019517680,3.15539145703954E-19,4.24729502422583E-19,2.47582069095608E-18,5.88183862178305E-19,8.04117169920568E-18,6.66385151873653E-19,26.3556801199769,0.0412222193289683
333530,150.165900834274,1.9654017276406,2.75,3.0,0.433012701892219,4.1,26384.0,7.283646255485230,4.16050971481478E-18,7.19920033580681E-19,5.94962765942008E-18,6.93076119880029E-19,1.71537492642217E-17,9.25046104115727E-19,23.9688673303245,0.069262291172833
333865,150.144412626527,1.97577971824776,2.75,3.0,0.433012701892219,3.1,26766.0,7.275893937385790,1.7236093481633E-18,8.16440240713973E-19,4.73201302027554E-18,6.69761226114577E-19,7.61397090526795E-18,7.17174326386838E-19,25.7811402786928,0.0453140297417564
334477,150.167607390756,1.97169125518044,1.5,1.5,0.5,4.1,27472.0,7.014620413347110,2.90743311753663E-19,9.78077428548687E-19,2.66747703618631E-18,9.85882074224865E-19,8.44313373629864E-18,1.2305526393384E-18,26.0472877044474,0.13256743161387
334640,150.208870912104,1.95802956322835,2.5,3.0,0.866025403784439,4.1,27667.0,7.052069027239000,4.79627045621373E-18,1.22449824882931E-18,8.05689551125816E-18,1.09123233071002E-18,2.80366995772156E-17,1.31228245257631E-18,24.9235623742655,0.0424725758827821
344705,150.229801170415,1.90421528951388,1.5,2.0,0.866025403784439,4.1,60924.0,7.514279182390900,8.93663090138149E-19,6.86255422697565E-19,2.14820749143716E-18,8.96156257705803E-19,5.32645779913424E-18,9.25967192954724E-19,26.6728423458403,0.0832290438847674
346086,150.169574489918,1.94880646023419,1.0,1.5,1.22474487139159,4.1,65599.0,7.986904225433260,1.294179757019E-19,3.9314322988039E-19,1.47614617826124E-18,9.01762886670341E-19,7.58541298571361E-18,1.06991518036928E-18,28.0503502526921,0.20109460601378
365090,150.258338753352,1.88421007970584,2.0,2.0,0.0,4.1,17390.0,7.582075356422220,9.93778941701254E-19,6.81726745413314E-19,2.66259533519589E-18,9.12023262464577E-19,5.62404484062408E-18,1.03525861641643E-18,26.0992228388495,0.150093326654231
367514,150.26478834753,1.90209415493811,2.75,3.0,0.433012701892219,4.1,19870.0,7.295981920494810,1.9948901062887E-18,7.07835175004438E-19,4.62930011885129E-18,7.28671927320929E-19,9.27091355112136E-18,8.3380380806949E-19,25.5576281594042,0.0519784322225201
386433,149.911931553594,2.50691835456397,2.75,3.0,0.433012701892219,1.5,3927.0,7.196308749660690,6.79032488105121E-18,1.31043170685698E-18,8.33628438231086E-18,1.26299353958419E-18,2.52363103743594E-17,1.5188268193018E-18,24.2298658701351,0.0228414675387935
386495,149.905863985502,2.50963013818144,2.5,2.5,0.5,1.5,4003.0,7.193024391294970,3.1725664923662E-18,1.0906864097874E-18,3.63260151814357E-18,1.08196780049381E-18,1.56314621373256E-17,1.41208938178906E-18,25.1075053366247,0.0538690670737794
388019,149.999556789133,2.48510467151773,2.75,3.0,0.433012701892219,1.5,5691.0,6.917513843446590,-99.0,-99.0,4.14555483676024E-18,8.38959936177476E-19,1.16398399147566E-17,9.25030509744813E-19,25.6647352212771,0.131672688504684
391141,149.918379106248,2.53605695522457,3.0,3.0,0.0,1.5,9136.0,7.080426591087770,2.65696963740707E-18,7.04964733368602E-19,7.00592085024574E-18,6.88543937326414E-19,1.86617016238393E-17,8.5975106430959E-19,25.3458393302378,0.0348157019367077
391235,150.003574703416,2.50585023650728,2.2,2.0,0.4,1.5,9240.0,8.7001328552934,2.62727177536861E-18,8.12585608887567E-19,5.69501272949541E-18,8.97637822894157E-19,1.93513251062267E-17,1.14356337911796E-18,25.2123276825689,0.0624592754869211
392054,149.925078180765,2.53952753463518,2.0,2.0,0.0,1.5,10118.0,8.221594645390430,2.00751814140458E-18,7.48325330490942E-19,3.16693885609591E-18,8.13827072678001E-19,1.03288684475557E-17,1.12752244432046E-18,25.630142731663,0.0784490773059395
392090,149.952092767616,2.52988757659334,2.25,2.0,0.433012701892219,1.5,10158.0,7.601509779959180,2.01387440405727E-18,5.48293278390541E-19,2.5998661014304E-18,5.954907656194E-19,7.61738616917189E-18,7.37033426778463E-19,25.353555737894,0.0345730558033069
395957,150.001755264588,2.53873603590193,2.25,2.5,0.82915619758885,1.5,14534.0,6.924289311303490,-99.0,-99.0,5.0187032946348E-18,8.16715969893879E-19,1.52427893364779E-17,9.22098918177638E-19,25.438671539238,0.0305305102107588
396600,149.983474404231,2.5500109480933,2.0,2.0,0.707106781186548,1.5,15234.0,6.921007646931840,-99.0,-99.0,2.03637582781394E-18,4.1386669662832E-19,4.36087727873665E-18,4.49728755476567E-19,26.575252705673,0.0524264207111616
397208,150.006562558323,2.54641840490018,2.0,2.0,0.0,1.5,15904.0,7.529180215460140,8.21952592117278E-19,4.47557954592429E-19,2.22984792296435E-18,6.16646281830494E-19,4.29123073768209E-18,7.42756956445518E-19,26.3209284666049,0.120590481148049
425379,150.063132481861,2.45682012255332,1.6,2.0,0.489897948556636,2.5,4546.0,7.896484476095270,1.8221882651395E-18,1.1378923516331E-18,4.33238520272766E-18,1.16501033749915E-18,7.31546334667837E-18,1.41355391241847E-18,27.6397169572741,0.132960073610143
428718,150.070532506315,2.47977794872771,1.75,2.0,0.433012701892219,2.5,8293.0,6.913960864033560,-99.0,-99.0,2.32737406220159E-18,6.92952434860285E-19,9.80512539498901E-18,7.99847960881852E-19,25.751146253277,0.0427559707801614
429032,150.090141381621,2.47535332021233,2.0,2.0,0.0,2.5,8646.0,6.958225578935180,-99.0,-99.0,2.63297914182655E-18,6.14677529976469E-19,3.97500725383974E-18,7.24850250338416E-19,25.5525682267019,0.103730070006557
429621,150.019640131525,2.50521682999151,1.5,1.5,0.5,1.5,9325.0,7.118314453817850,1.27630012171142E-18,8.13895867950341E-19,3.05063667004541E-18,8.03623581044605E-19,6.84643877669889E-18,8.32111411307917E-19,26.5168564725791,0.17563051601705
430149,150.044357327,2.50065637314355,2.0,2.0,0.707106781186548,2.5,9935.0,6.864011080531450,-99.0,-99.0,1.16226502683535E-18,2.36876798224528E-18,6.86023119787488E-18,4.8334110114706E-18,26.2671584371269,0.0961629731491181
432303,150.054007881814,2.51297413902991,2.5,2.5,0.5,2.5,12448.0,6.944201473911720,-99.0,-99.0,8.41647290233732E-18,1.37817661889491E-18,2.83403772473142E-17,1.70839156205611E-18,24.8893851402978,0.0422189411314667
432304,150.053949986876,2.5130398274765,2.25,2.0,0.433012701892219,2.5,12449.0,6.9475001019037100,-99.0,-99.0,6.01957941330404E-18,9.1489921936503E-19,1.28908112520727E-17,1.07513452770201E-18,25.3385959548796,0.0567050473414798
432655,150.072838841741,2.50881430379482,1.6,2.0,0.8,2.5,12853.0,8.718156413001680,1.11286236732094E-18,9.22262950524968E-19,2.52755581983906E-18,1.1252202128205E-18,5.53905856543154E-18,1.24509017760158E-18,26.5472367171793,0.0682858313219677
433261,150.087281912409,2.50771315638644,3.0,3.0,0.0,2.5,13524.0,7.044485412272810,2.04444013647789E-18,5.8513502839237E-19,3.96128682252853E-18,5.03906801755296E-19,1.35512984418726E-17,6.22885919660504E-19,25.4761704809992,0.0293917457774067
433511,150.088799913339,2.50886855757217,2.75,3.0,0.433012701892219,2.5,13804.0,7.080222846733700,2.48692417472458E-18,5.77748311424371E-19,4.03367727821059E-18,5.19827780791345E-19,1.0663189981066E-17,6.73264539021464E-19,25.8567724404915,0.0361506427882191
454455,150.140419368902,2.47124115089465,1.75,1.5,0.82915619758885,2.5,49080.0,7.075771170579080,1.58202348347804E-18,7.91332390158361E-19,2.32654368394903E-18,7.11139741800466E-19,6.49704847183038E-18,9.91476404176076E-19,26.6264876057934,0.0706116684881794
456050,150.084861274935,2.51934125056662,1.5,1.5,0.5,2.5,55404.0,7.58339900109881,3.21288676785848E-21,3.30250229196011E-19,6.60885106633697E-19,5.53216245523719E-19,5.31950446506383E-18,1.42824964643587E-18,27.1943425535997,0.214986774870575
465432,150.15273305374,2.42954767099352,1.5,1.5,0.5,2.5,5709.0,7.554074319334180,4.43882583428136E-19,5.03311156661519E-19,3.02517858220054E-18,6.57457235814237E-19,5.86929559354721E-18,8.03657003295892E-19,26.275961444515,0.0523362175288648
465706,150.14003549018,2.43608287800205,2.25,2.0,0.433012701892219,2.5,6020.0,7.754807877702060,5.3022648121417E-19,5.58198851327095E-19,2.9793496477353E-18,8.07247179074394E-19,1.27227986313232E-17,1.11921171307393E-18,25.3748699705647,0.0370274421637777
466382,150.234445328487,2.40619590351673,2.0,2.0,0.0,3.5,6795.0,7.0621092952063100,1.60223601455152E-18,7.33484461952333E-19,2.56218682702807E-18,5.74531637304982E-19,6.54296804427383E-18,6.86892057725742E-19,26.4860260464176,0.0724625756428426
466511,150.260605822669,2.39749035683233,2.75,3.0,0.433012701892219,3.5,6936.0,7.076197724209980,1.81700329889429E-18,8.3135789194602E-19,5.42139155553145E-18,8.30541547859334E-19,1.35288782196675E-17,9.45921579826253E-19,24.9219905901588,0.0281095821823114
466873,150.262889459825,2.39889200078447,2.25,2.0,0.433012701892219,3.5,7356.0,7.076358861499360,4.87888251381023E-22,2.02085106849103E-19,7.56449112820017E-19,7.35760063817168E-19,8.31505645713539E-18,9.66370762239009E-19,25.5501514926475,0.047904922536282
467074,150.166002769609,2.43578325468798,2.75,3.0,0.433012701892219,2.5,7591.0,7.031343951657530,3.84385527061476E-18,9.74761604955506E-19,4.47284148177305E-18,6.57456683693957E-19,1.19161154049631E-17,8.12120884463249E-19,25.4175229019033,0.0580678621990619
471675,150.199437799393,2.45835612058146,1.75,1.5,0.82915619758885,3.5,12979.0,7.034765992958570,3.95812191523244E-18,1.17809868544038E-18,2.36733045418097E-18,8.1799904584773E-19,1.08602907800511E-17,1.02360040711023E-18,25.7487150403655,0.0727710516214425
472313,150.267839980604,2.43768781501263,2.25,2.0,0.433012701892219,3.5,13675.0,7.905594007738310,1.50815334409247E-18,8.21504132317779E-19,4.00710558256318E-18,9.56379661432457E-19,1.13686006057838E-17,1.0785334717804E-18,25.6525505996464,0.0607034530870725
472439,150.19783488178,2.46405600488835,2.0,2.0,0.707106781186548,3.5,13810.0,7.044187084934290,1.15279947783281E-18,6.77237967081558E-19,1.67476936979627E-18,6.22072037864608E-19,6.03969384129482E-18,7.33641065039264E-19,25.8219875915379,0.0761535207769691
472672,150.212427255288,2.4605259292568,1.5,1.5,0.5,3.5,14075.0,7.017305361516410,2.10978731923537E-19,8.21084925620905E-19,3.23684091918902E-18,1.00543238548952E-18,8.12092189024437E-18,1.0588559032587E-18,25.9334361792951,0.0788692563432875
472992,150.254908826823,2.4473977352114,1.75,2.0,0.433012701892219,3.5,14455.0,7.012589254871170,8.90504846916315E-20,3.27615879137789E-19,2.32801064700098E-18,4.3609042625699E-19,4.00684872708747E-18,5.56547142497543E-19,26.1854630751428,0.0490922510022526
473532,150.245753031774,2.45457757914312,1.75,2.0,0.433012701892219,3.5,15083.0,7.018299842082390,8.16228837522863E-19,8.03766549957869E-19,1.71956459016456E-18,4.65565181700378E-19,4.50656688234474E-18,5.55434905071295E-19,26.3835724012393,0.0917453008751491
495009,150.158799196196,2.48865264762786,1.5,1.5,0.5,2.5,56080.0,7.025023794992400,-99.0,-99.0,2.23241494605813E-18,9.84697711657448E-19,4.39019998808822E-18,9.98560983104272E-19,27.0485201176565,0.0962051683394485
500902,150.320440643264,2.35115848753076,3.0,3.0,0.0,4.5,3054.0,6.969456775517280,1.15633057973688E-17,2.57466398641634E-18,1.48917763619562E-17,9.99590745051919E-19,4.75854473630183E-17,1.24278297262784E-18,24.2353899782708,0.0146936244031121
503034,150.342891108566,2.35607434997793,1.5,1.5,0.5,4.5,5404.0,7.153343516299570,7.85390841181008E-19,5.68635388408999E-19,1.92312302535373E-18,6.39017938036101E-19,5.83466187732162E-18,8.69618137789384E-19,26.7225025019947,0.0488721601809087
503779,150.387502960181,2.34395778421409,2.5,2.5,0.5,4.5,6237.0,7.070723629049990,9.1069587737987E-21,1.9880864404352E-19,3.39604864557575E-18,8.06202755730204E-19,1.09782428117397E-17,1.00572378125163E-18,25.6285372674059,0.0781080695078425
505701,150.302116097878,2.38627644374811,1.5,1.5,0.5,4.5,8361.0,7.191569832677900,1.99260267936992E-19,8.14294241935085E-19,2.3417192366358E-18,1.21279789178404E-18,1.12940836276039E-17,1.64151064557806E-18,25.7283384987904,0.0592054729496578
507008,150.28813150591,2.40091675607431,2.75,3.0,0.433012701892219,3.5,9839.0,6.920194222944690,-99.0,-99.0,3.09524714472843E-18,7.0504599062494E-19,1.01907597374758E-17,9.17575491248191E-19,25.0042254128156,0.0551036179808273
508285,150.30071303397,2.40434771582809,2.75,3.0,0.433012701892219,3.5,11292.0,7.399900043098500,1.49176456458522E-18,8.22604350171932E-19,6.58240526540174E-18,1.04955688016209E-18,1.09418296333687E-17,1.15919290490352E-18,25.596823499925,0.0571061442947026
508634,150.404890555332,2.36863236367092,3.0,3.0,0.0,4.5,11673.0,7.024135538984890,2.97993817375768E-18,1.30098408388831E-18,3.65721521086819E-18,1.03830484981097E-18,1.24032309254581E-17,1.13699141510407E-18,25.1272493153459,0.0454726598633106
508635,150.405008454715,2.36867463294896,2.75,3.0,0.433012701892219,4.5,11674.0,7.025979560439100,1.306562355466E-18,1.18384794103709E-18,7.69724243196788E-18,1.14115927250548E-18,2.46381818716232E-17,1.36146436973658E-18,25.3427851389389,0.0347055634895683
511862,150.328262716536,2.41760769458593,2.0,2.0,0.0,4.5,15310.0,7.282851049197230,5.88127834558282E-19,5.06874663318035E-19,1.03710014261909E-18,5.45723364112599E-19,4.59051090375444E-18,6.99323559118972E-19,26.0574190588649,0.0347735261388696
549862,150.441370384887,2.3631998932678,2.75,3.0,0.433012701892219,4.5,9627.0,8.554255928530990,2.03938090973362E-18,1.0971608445194E-18,8.6198847434974E-18,1.17574667566256E-18,2.61448696909935E-17,1.77408282744626E-18,24.5672788924963,0.0266483770056243
576340,149.84003339863,2.31030254079292,2.75,3.0,0.433012701892219,1.3,1410.0,6.867916167651980,-99.0,-99.0,1.39355425787762E-17,1.57270279010144E-18,4.30352843785059E-17,1.51402957948085E-18,24.6770753483035,0.0110198956294955
579630,149.846588556664,2.33003650544902,1.25,1.5,1.4790199457749,1.3,5133.0,7.962668391850410,2.03669031109441E-18,6.77444303083915E-19,4.36148850976355E-18,8.23485435121507E-19,1.31503221443916E-17,1.04121032737269E-18,25.7153978367712,0.0361466293182367
582041,149.88883413645,2.32924083518028,1.75,1.5,0.82915619758885,1.3,7903.0,6.815936196783540,-99.0,-99.0,1.01862742860571E-17,4.11683385071208E-18,1.88990889685722E-17,1.99918127519834E-18,25.0377524706216,0.0374721453947881
582833,149.897141637667,2.33153030584173,2.25,2.5,0.82915619758885,1.3,8804.0,7.669354876987390,1.75657942453215E-18,1.31377465008492E-18,7.03795670027574E-18,1.65434022247976E-18,2.47716021373295E-17,1.79531960764607E-18,24.8956254810028,0.193691798240042
588038,149.910583548931,2.35955835525374,2.25,2.0,0.433012701892219,1.4,14733.0,7.112718160443660,1.71950663810966E-18,1.02653528260696E-18,3.71356165059992E-18,1.03486491606281E-18,1.20409495297854E-17,1.39531730203715E-18,25.4297008634663,0.0344419009226815
588920,149.923368765752,2.35999873170063,1.25,2.0,1.29903810567666,1.4,15726.0,7.319060247246600,1.91610045070249E-19,5.84604099883677E-19,1.23119474030419E-18,7.8476635586364E-19,1.18256440317877E-17,1.00340096350821E-18,25.2143635975064,0.0645746984377879
591231,149.91469319827,2.37728901801938,2.2,2.0,0.4,1.4,18328.0,7.18076094574872,1.50260519138529E-18,6.6859266472253E-19,3.04598433188253E-18,6.81681198256718E-19,8.48060351521089E-18,8.57078974438895E-19,25.9906019080341,0.0520319849361104
592258,149.876460510084,2.39941551214969,1.5,1.5,0.5,1.4,19515.0,7.667989172705120,1.41128959911222E-18,9.32981225870822E-19,1.62314806824074E-18,8.48465979179285E-19,5.86917750540037E-18,1.10208115575223E-18,26.379056634844,0.0547708612108017
592491,149.883359739892,2.39841810403448,1.5,1.5,0.5,1.4,19775.0,7.186295143766930,2.36985518614579E-18,1.01230642932835E-18,2.73474208839711E-18,9.09085871312002E-19,8.77429522381692E-18,1.23246260608977E-18,25.5415673001785,0.0527251977742268
595004,149.934023303958,2.39772269988801,2.25,2.0,0.433012701892219,1.4,22668.0,6.97704095870031,1.17620634249328E-18,1.32722838290581E-18,2.87135704484484E-18,9.34295859765147E-19,4.33209955875372E-18,1.02213099135952E-18,26.341505787896,0.0951653384849668
598700,149.90872804728,2.43181299090716,1.5,1.5,0.5,1.4,26804.0,7.78901297102712,1.89806983375917E-18,8.95842874140817E-19,3.64336836242126E-18,9.84060439006927E-19,1.28811729717477E-17,1.15480892362723E-18,25.5290463174509,0.0471780895475169
603373,149.951439534628,2.44876586469343,3.0,3.0,0.0,1.5,32001.0,7.647415501143300,6.00166057321114E-18,8.93698321981421E-19,5.07352735677549E-18,7.82723353159684E-19,1.43527430533127E-17,9.6876498312044E-19,23.1832789341433,0.00328150451721433
604393,149.960117423773,2.45311012381733,1.6,2.0,1.35646599662505,1.5,33149.0,7.1396001754168100,1.83554502298969E-18,8.61666357794557E-19,6.65107742344621E-18,9.35589506046899E-19,1.02569483636253E-17,9.48374437485842E-19,25.948368572786,0.0375403619952154
605988,149.948701762299,2.46988588317509,2.75,3.0,0.433012701892219,1.5,34928.0,7.252985857757750,4.79189111347063E-18,1.38983104225549E-18,1.01692407905004E-17,1.36923757056803E-18,3.35817909868265E-17,1.82009336285309E-18,24.2961472702082,0.0225636131043008
628623,149.967869287653,2.3228720234733,1.5,1.5,0.5,1.4,11420.0,7.466265642220530,2.25068843436805E-18,1.54546544014793E-18,6.90153556111344E-18,1.58203351564345E-18,1.75910372710405E-17,2.11859518082508E-18,25.3131743633858,0.0589244574378299
629189,150.036307055287,2.3013311139693,1.6,2.0,0.489897948556636,2.4,12055.0,7.645890464129960,1.49568562545968E-18,7.39003427532193E-19,2.83436846407104E-18,8.85128729167031E-19,4.33224427419773E-18,7.99956815256696E-19,26.4952430581493,0.0965402153208767
629587,150.026524736501,2.30747509696643,1.75,1.5,0.82915619758885,2.4,12524.0,7.10969712054796,4.56825590771065E-18,1.05871236610136E-18,5.15089130813716E-18,1.08575148083854E-18,1.59495502933419E-17,1.14631204388617E-18,24.5917073102853,0.0771586435067506
629665,150.025498818035,2.30822806510987,2.75,3.0,0.433012701892219,2.4,12612.0,7.104191993194070,5.36131875575293E-18,1.19364418195297E-18,1.14541092448259E-17,1.04470715745414E-18,3.47479777132397E-17,1.32111663100304E-18,24.7083350864644,0.015148460262084
634043,150.001784894003,2.34237081163175,2.5,2.5,0.5,2.4,17481.0,7.453519055748860,1.68977090844646E-18,5.75583200688933E-19,3.24410129625947E-18,6.00183670377784E-19,9.48747305935708E-18,6.83893147334391E-19,25.9126384508279,0.0407053021412024
634767,150.038760214034,2.33467310816246,1.0,1.5,1.22474487139159,2.4,18335.0,7.457660657715480,1.18070742560642E-20,3.04547320057118E-19,2.81933030469958E-18,8.8624758637941E-19,7.4823427817959E-18,1.00297433012664E-18,27.9720021085494,0.417771048617988
635051,150.075452153578,2.32358522701991,2.25,2.0,0.433012701892219,2.4,18655.0,7.108988012659710,7.67231368134859E-19,6.47180018353599E-19,5.050414643519E-18,8.06351205865365E-19,1.53484658673654E-17,1.13546300765165E-18,25.2400751044288,0.0264827023688776
636011,150.020330142271,2.35032331410331,2.5,2.5,0.5,2.4,19727.0,6.988216392388310,6.83635098698732E-20,9.2947264100332E-19,6.89274847970671E-18,1.11761305782281E-18,2.18792902040317E-17,1.31431984791665E-18,25.2849482658726,0.087251533275085
636142,150.030367330152,2.34750548665771,1.5,1.5,0.5,2.4,19876.0,7.913792141766760,5.05342392435795E-20,2.81058676961177E-19,1.26974466574708E-18,7.89661273916116E-19,5.68071538562374E-18,9.16949266482038E-19,24.5668002952229,0.0473465560845703
636196,150.051151499095,2.3403740960209,1.75,2.0,0.433012701892219,2.4,19942.0,6.828130721756620,-99.0,-99.0,7.49444431633985E-18,1.81714583373908E-18,1.28414463554219E-17,1.32331890155864E-18,25.6029109672289,0.0398184589206404
636596,150.016701844534,2.35570370506991,2.25,2.0,0.433012701892219,2.4,20402.0,6.913089769110370,-99.0,-99.0,6.10328821064882E-18,8.70286355565365E-19,1.48486068678117E-17,9.31221971694606E-19,25.4498165387934,0.0814565091394423
637119,150.084641600685,2.33450512864192,2.25,2.0,0.433012701892219,2.4,20998.0,6.970610111916170,2.9236782883545E-18,1.80461303812835E-18,3.14576344822991E-18,7.0717867507877E-19,7.7081218471403E-18,8.07413289394407E-19,25.6731183665771,0.104570327499217
637121,149.973168241314,2.37504152439112,2.75,3.0,0.433012701892219,1.4,21001.0,7.750844922945630,2.55799818523666E-18,9.50635064720507E-19,8.49321849582999E-18,1.08470190041551E-18,2.18344572475468E-17,1.35453911565619E-18,25.055480069618,0.0367837354581978
639392,150.098998913706,2.34362198006022,2.75,3.0,0.433012701892219,2.4,23561.0,7.144423270142290,2.64402410128027E-18,7.70108885443078E-19,9.15585153052337E-18,8.29787899248491E-19,3.12311584728653E-17,1.05595825431964E-18,24.1001049676026,0.0467816202846592
642730,149.982866773139,2.40734577037227,2.0,2.0,0.707106781186548,1.4,27285.0,6.982814530478720,4.79144073061896E-18,2.50402568593975E-18,5.57423308763649E-18,1.26978427598595E-18,1.54979005970295E-17,1.64100307249812E-18,24.9801660885267,0.0544593767392798
644516,150.090559156294,2.38159306714195,3.0,3.0,0.0,2.4,29375.0,6.988786662031430,5.60049890389969E-18,1.64064569261735E-18,1.28565469361504E-17,8.83818641264446E-19,3.98360592649233E-17,1.09808633316989E-18,24.4109054739837,0.0424849914468168
650458,150.119078244351,2.41566403780556,1.66666666666667,3.0,1.88561808316413,2.5,36185.0,7.0622961008991000,9.68466323072805E-19,5.03169436459945E-19,3.30800028962763E-18,5.16266858358621E-19,9.06153834581609E-18,7.07239843256192E-19,25.8197643018063,0.0962939279478535
657039,150.022668415973,2.35680642503805,1.25,2.0,1.29903810567666,2.4,65016.0,7.760836221939230,8.61313029200742E-21,3.12269116962672E-19,2.0749473182386E-18,6.73177620929674E-19,7.10298061882302E-18,7.7821733048708E-19,26.9396536847073,0.189878875698976
663851,150.110545274413,2.21916107756874,1.75,2.0,0.433012701892219,3.3,2755.0,7.227778839623310,4.9810535812128E-19,5.03399460411588E-19,2.31368251679208E-18,6.53807750436337E-19,5.10521982443568E-18,7.26287382075666E-19,26.4524570814931,0.110131453309312
664873,150.081736476188,2.23700272374839,2.0,2.0,0.0,2.3,3899.0,8.572124204072110,1.39537552823192E-18,9.17535525581741E-19,6.42719992401131E-18,1.28186956164291E-18,1.86058205208872E-17,1.38508154288103E-18,25.0052466135719,0.0405298683741656
666744,150.070921455176,2.2516991078626,1.75,2.0,0.433012701892219,2.3,5976.0,7.121931414820700,1.05387439072029E-18,8.80561359049246E-19,3.90561547783846E-18,1.06705364151784E-18,1.41156663949147E-17,1.32831479132589E-18,24.6209220817208,0.0486821703652783
669644,150.090488205111,2.2653785735566,1.5,1.5,0.5,2.4,9313.0,8.442733449788230,2.10412031578407E-19,5.6909408135747E-19,3.36894037791449E-19,7.72004225598786E-19,1.91982491174449E-18,1.08623020617963E-18,25.6679874471795,0.0565199104316087
669983,150.189787413415,2.23205911782569,1.4,2.0,1.35646599662505,3.4,9694.0,7.16560618159895,7.6557286278997E-19,3.6173939531395E-19,1.99457626117177E-18,4.11862318202817E-19,4.24435478767392E-18,5.13907843161388E-19,26.4582114191279,0.0700988916016454
670382,150.107112778211,2.26494520060863,1.66666666666667,2.0,0.471404520791032,2.3,10165.0,7.204158792287470,-99.0,-99.0,3.46250293329007E-18,1.48085402590548E-18,1.05551791111019E-17,2.00204163976299E-18,26.7945673427608,0.108716538299691
671610,150.125724560902,2.26658455022573,3.0,3.0,0.0,3.4,11571.0,6.8519369708798000,-99.0,-99.0,2.01447799520467E-17,2.43649847557013E-18,6.53342324345924E-17,1.96900571969227E-18,24.2270542888731,0.0321544863040168
676430,150.207666120488,2.26764958238291,2.75,3.0,0.433012701892219,3.4,17032.0,8.558156783938750,4.39347401641138E-18,7.76503587012387E-19,6.23418262166889E-18,9.41710775408523E-19,1.63509956779841E-17,1.16978984755769E-18,25.1251278217,0.0489401573586507
677071,150.221340678704,2.26772713409946,1.2,2.0,1.16619037896906,3.4,17773.0,7.0866265701109700,6.08833854858529E-19,4.8095659955904E-19,1.26543932104936E-18,5.37357692177099E-19,7.2383255780626E-18,6.51878156513323E-19,25.9398141780576,0.0372178395418735
678231,150.22901731077,2.27321293001767,1.5,1.5,0.5,3.4,19092.0,7.260240417528350,8.96600312103361E-19,6.01830532637464E-19,3.22479944298096E-18,7.77839211903682E-19,4.39545840769563E-18,7.72824826446401E-19,25.9749829196775,0.05255601137012
679586,150.143966041159,2.31416515197364,1.75,2.0,0.433012701892219,3.4,20622.0,6.870810022963060,-99.0,-99.0,1.74163252280973E-18,8.00909548982886E-19,4.48102810698081E-18,8.09034302754602E-19,26.5495429123287,0.109463086718676
679609,150.108710369821,2.32713937347501,1.66666666666667,2.0,0.471404520791032,2.4,20646.0,7.518820589253380,8.60468295895494E-19,4.54056543375674E-19,1.99877197637041E-18,6.09476767272053E-19,3.39220783146096E-18,8.05202339751007E-19,26.4607282762784,0.0806064299866776
683815,150.160019629223,2.33687741807043,1.5,1.5,0.5,3.4,25376.0,7.553907921558630,3.31594661941684E-20,4.00649435500929E-19,2.31132684916449E-18,6.64534038059915E-19,6.55448284413846E-18,8.03606910928711E-19,25.6177988169436,0.0613239036941261
692263,150.231133246448,2.36987206772722,1.5,1.5,0.5,3.5,35056.0,7.554111038175530,7.62164528801744E-19,4.51329570587966E-19,1.70608527402375E-18,5.42950665085332E-19,5.27677977526538E-18,7.12095168361864E-19,26.1912141169175,0.118795894235706
694412,150.160232965373,2.20640946383757,1.66666666666667,2.0,0.471404520791032,3.3,41520.0,7.7052658632975800,2.51436636617074E-20,4.07034569367395E-19,1.16905751419361E-18,7.23803198857557E-19,7.01088943017846E-18,1.06498214002128E-18,27.5172918134495,0.253325631757856
707237,150.203104767901,2.18275279599525,2.5,3.0,0.866025403784439,3.3,2128.0,7.242931018630850,5.07350695020241E-18,9.83236316538811E-19,7.40892481579756E-18,1.00543838034012E-18,2.04954605926239E-17,1.30260245122056E-18,25.3524715693779,0.0615491267895508
707633,150.253438137004,2.16763971529624,2.0,2.0,0.707106781186548,4.3,2576.0,8.272480823463370,2.74004711368764E-18,9.12699119945237E-19,2.33790157380246E-18,9.58599845559735E-19,4.78999895811063E-18,9.46727664351089E-19,26.3752165736238,0.0763939254018462
713201,150.320413059549,2.18292021962054,3.0,3.0,0.0,4.3,8964.0,7.0683871599740300,5.96010249312593E-18,8.83270540007763E-19,5.81733918179972E-18,5.95862620434749E-19,1.83991006015083E-17,6.89774470149886E-19,24.8970916733026,0.013228547448269
714151,150.330870151364,2.18562235620896,2.75,3.0,0.433012701892219,4.4,10050.0,8.143304424138460,2.93663010462997E-18,1.05969676832362E-18,1.01903837901308E-17,1.19954083759274E-18,2.95656955641733E-17,1.40648961190803E-18,24.8362914338644,0.0327476828617697
718461,150.31324191111,2.21983686576865,2.5,2.5,0.5,4.4,14923.0,7.07375946077072,2.02837686145674E-18,4.58285824927727E-19,3.73622497795273E-18,4.17620070509637E-19,1.31631859877085E-17,5.48083826684267E-19,25.5654019770421,0.0205697464239195
718741,150.322434314926,2.21815813979076,1.6,2.0,0.489897948556636,4.4,15235.0,7.602361428458580,2.45482474999369E-18,1.06415203311562E-18,1.45532989759846E-18,1.0038718754916E-18,6.4933542861049E-18,1.31062685843068E-18,25.8808817449771,0.0453707000037473
723585,150.266560465734,2.27433995242038,1.5,1.5,0.5,4.4,20778.0,6.988338760653530,1.45599724171676E-19,9.14023980436318E-19,3.49691945501765E-18,1.09710146684599E-18,8.91483268204825E-18,1.26226221502124E-18,25.9896841568586,0.0697594865952699
724290,150.250586932015,2.28476035081241,1.75,2.0,0.433012701892219,3.4,21552.0,7.080139206713100,1.73741200953071E-18,1.17460709940792E-18,4.9163796901849E-18,1.19696736554611E-18,7.68953246037681E-18,1.26520714831384E-18,26.6760434849709,0.109449959116493
727899,150.251203325288,2.30777513565064,2.5,2.5,0.5,3.4,25672.0,7.0811084589253200,5.09649621040621E-18,1.55982689155397E-18,9.17674343404389E-18,1.33045536684312E-18,2.65549032295346E-17,1.504593677333E-18,24.8064347765291,0.0424189968751961
729546,150.359493927688,2.28023826245605,2.5,2.5,0.5,4.4,27558.0,6.931608893876890,-99.0,-99.0,4.11598950473115E-18,8.5007777172205E-19,8.8308887317649E-18,9.98103711934544E-19,25.7372716554379,0.110856783913756
730310,150.297988532392,2.30779659274416,2.0,2.0,0.0,4.4,28415.0,7.187253157860280,2.01019242814162E-18,7.56366439587115E-19,2.55642324786251E-18,7.61850368860584E-19,8.66528875468878E-18,9.61175068990709E-19,25.7509844022089,0.0440374866694587
732642,150.277920160802,2.32991883801707,2.75,3.0,0.433012701892219,3.5,31090.0,7.069782479186730,1.75531202715619E-19,5.82455912889572E-19,4.24195620339727E-18,8.60166856076647E-19,1.10245615721313E-17,1.05315004952052E-18,25.6876151904065,0.0257456261167185
735584,150.345849527561,2.32506108439716,1.5,1.5,0.5,4.5,34480.0,7.415152333586100,1.98530438442678E-18,5.71658214603464E-19,1.82695923728209E-18,5.04407835810268E-19,7.47767851561574E-18,6.16589916064967E-19,25.958804232284,0.106640301684121
736258,150.380994846881,2.31744975247524,1.5,1.5,0.5,4.5,35286.0,7.073840836933250,2.26354368529838E-19,3.69091651778589E-19,2.32989453246565E-18,5.17567476233949E-19,4.35997319468821E-18,6.74261974801144E-19,26.2633550681346,0.0808345399416179
736304,150.376592917078,2.31945244785563,2.25,2.0,0.433012701892219,4.5,35334.0,7.074834919901440,1.51723759652905E-18,5.96762342117657E-19,4.12332781313951E-18,5.97396526308126E-19,8.9774675035978E-18,6.92610567481259E-19,24.9669383648595,0.0779466637829761
741222,150.325359659354,2.19558971051812,2.0,2.0,0.0,4.4,52914.0,7.084474996584360,5.68640801334858E-20,3.16381910301183E-19,3.28401883724632E-18,7.8890012810795E-19,6.66230516316046E-18,8.68400141257675E-19,27.9473033734216,0.199358416762094
772725,150.397101694743,2.29502311185495,2.0,2.0,0.0,4.5,25146.0,7.687633405664730,1.21502958687184E-18,8.38270780888022E-19,4.04196935272047E-18,8.68161710542909E-19,1.0317030018871E-17,1.24053475627884E-18,25.9298950359224,0.030722209148747